<?xml version="1.0"?>
<!DOCTYPE package-info SYSTEM "http://www.simplemachines.org/xml/package-info">
<package-info xmlns="http://www.simplemachines.org/xml/package-info" xmlns:smf="http://www.simplemachines.org/">
	<id>sologhost:pmattachments</id>
	<name>PM Attachments</name>
	<type>modification</type>
	<version>2.12</version>

	<!--// SMF 2.0.4 and later //-->
	<install for="2.0.4 - 2.0.99">
		<readme type="file" parsebbc="true">readme.txt</readme>
		<database>db_install.php</database>
		<code>add_remove_hooks.php</code>
		<modification type="file">install_20x.xml</modification>
		<require-dir name="pm_attachments" destination="$boarddir" />
		<require-file name="Subs-PMAttachments.php" destination="$sourcedir" />
		<require-file name="Subs-PMAttachmentsAdmin.php" destination="$sourcedir" />
		<require-file name="Subs-PMAttachmentsHooks.php" destination="$sourcedir" />
		<require-file name="PMAttachmentsAdmin.template.php" destination="$boarddir/Themes/default" />
		<require-file name="PMAttachments.english.php" destination="$languagedir" />
		<require-file name="PMAttachments.english-utf8.php" destination="$languagedir" />
		<require-file name="PMAttachments.russian.php" destination="$languagedir" />
		<require-file name="PMAttachments.russian-utf8.php" destination="$languagedir" />
		<require-file name="PMAttachments.spanish_latin.php" destination="$languagedir" />
		<require-file name="PMAttachments.spanish_latin-utf8.php" destination="$languagedir" />
	</install>
	<uninstall for="2.0.4 - 2.0.99">
		<readme type="file" parsebbc="true">readme_remove.txt</readme>
		<code>add_remove_hooks.php</code>
		<modification type="file" reverse="true">install_20x.xml</modification>
		<remove-file name="$sourcedir/Subs-PMAttachments.php" />
		<remove-file name="$sourcedir/Subs-PMAttachmentsAdmin.php" />
		<remove-file name="$sourcedir/Subs-PMAttachmentsHooks.php" />
		<remove-file name="$boarddir/Themes/default/PMAttachmentsAdmin.template.php" />
		<remove-file name="$languagedir/PMAttachments.english.php" />
		<remove-file name="$languagedir/PMAttachments.english-utf8.php" />
		<remove-file name="$languagedir/PMAttachments.russian.php" />
		<remove-file name="$languagedir/PMAttachments.russian-utf8.php" />
		<remove-file name="$languagedir/PMAttachments.spanish_latin.php" />
		<remove-file name="$languagedir/PMAttachments.spanish_latin-utf8.php" />
	</uninstall>

	<!--// SMF 2.1 Beta 3 //-->
	<install for="2.1.0 - 2.1.99">
		<readme type="file" parsebbc="true">readme.txt</readme>
		<database>db_install.php</database>
		<code>add_remove_hooks.php</code>
		<modification type="file">install_21x.xml</modification>
		<require-dir name="pm_attachments" destination="$boarddir" />
		<require-file name="Subs-PMAttachments.php" destination="$sourcedir" />
		<require-file name="Subs-PMAttachmentsAdmin.php" destination="$sourcedir" />
		<require-file name="Subs-PMAttachmentsHooks.php" destination="$sourcedir" />
		<require-file name="PMAttachmentsAdmin.template.php" destination="$boarddir/Themes/default" />
		<require-file name="PMAttachments.english.php" destination="$languagedir" />
		<require-file name="PMAttachments.english-utf8.php" destination="$languagedir" />
		<require-file name="PMAttachments.russian.php" destination="$languagedir" />
		<require-file name="PMAttachments.russian-utf8.php" destination="$languagedir" />
		<require-file name="PMAttachments.spanish_latin.php" destination="$languagedir" />
		<require-file name="PMAttachments.spanish_latin-utf8.php" destination="$languagedir" />
	</install>
	<uninstall for="2.1.0 - 2.1.99">
		<readme type="file" parsebbc="true">readme_remove.txt</readme>
		<code>add_remove_hooks.php</code>
		<modification type="file" reverse="true">install_21x.xml</modification>
		<remove-file name="$sourcedir/Subs-PMAttachments.php" />
		<remove-file name="$sourcedir/Subs-PMAttachmentsAdmin.php" />
		<remove-file name="$sourcedir/Subs-PMAttachmentsHooks.php" />
		<remove-file name="$boarddir/Themes/default/PMAttachmentsAdmin.template.php" />
		<remove-file name="$languagedir/PMAttachments.english.php" />
		<remove-file name="$languagedir/PMAttachments.english-utf8.php" />
		<remove-file name="$languagedir/PMAttachments.russian.php" />
		<remove-file name="$languagedir/PMAttachments.russian-utf8.php" />
		<remove-file name="$languagedir/PMAttachments.spanish_latin.php" />
		<remove-file name="$languagedir/PMAttachments.spanish_latin-utf8.php" />
	</uninstall>
</package-info>